number,value,params_lr,params_optimizer
4,0.9683232042340383,0.00038822129029669554,SGD
3,0.973077526855195,0.00018726741874073438,SGD
82,0.9806351057388262,0.0008235284540620302,Adam
77,0.9833710838510014,0.00032460788132001364,Adam
6,0.9834159359512009,0.0009163565453891456,Adam
1,0.9834271489762508,0.0002270339889175583,RMSprop
53,0.9834271489762508,0.00029300407439219155,Adam
12,0.9834383620013007,0.0004918820810436101,RMSprop
17,0.9834383620013007,0.0002860310047961651,Adam
40,0.9834495750263507,0.0003240379757212043,RMSprop
0,0.9834607880514005,0.00010243896321646745,RMSprop
2,0.9834720010764504,0.0004498874303257529,Adam
14,0.9834944271265502,0.0003074258400864182,Adam
4,0.9683232042340383,0.00038822129029669554,SGD,0.9834944271265502,Adam,0.0003074258400864182
3,0.973077526855195,0.00018726741874073438,SGD,0.9834944271265502,Adam,0.0003074258400864182
82,0.9806351057388262,0.0008235284540620302,Adam,0.9834944271265502,Adam,0.0003074258400864182
77,0.9833710838510014,0.00032460788132001364,Adam,0.9834944271265502,Adam,0.0003074258400864182
6,0.9834159359512009,0.0009163565453891456,Adam,0.9834944271265502,Adam,0.0003074258400864182
1,0.9834271489762508,0.0002270339889175583,RMSprop,0.9834944271265502,Adam,0.0003074258400864182
53,0.9834271489762508,0.00029300407439219155,Adam,0.9834944271265502,Adam,0.0003074258400864182
12,0.9834383620013007,0.0004918820810436101,RMSprop,0.9834944271265502,Adam,0.0003074258400864182
17,0.9834383620013007,0.0002860310047961651,Adam,0.9834944271265502,Adam,0.0003074258400864182
40,0.9834495750263507,0.0003240379757212043,RMSprop,0.9834944271265502,Adam,0.0003074258400864182
0,0.9834607880514005,0.00010243896321646745,RMSprop,0.9834944271265502,Adam,0.0003074258400864182
2,0.9834720010764504,0.0004498874303257529,Adam,0.9834944271265502,Adam,0.0003074258400864182
14,0.9834944271265502,0.0003074258400864182,Adam,0.9834944271265502,Adam,0.0003074258400864182
