number,value,params_lr,params_optimizer
0,0.9610873315480616,0.0004659803741690755,SGD
3,0.9670494655011874,0.00038822814410047245,RMSprop
2,0.9692726340938783,0.0007280749731386689,RMSprop
4,0.97237640842783,0.00010049417731177907,RMSprop
1,0.9723980626673693,0.00020612581638274532,RMSprop
25,0.9725352061844508,0.0002913468570186619,RMSprop
11,0.9725496423441436,0.00019370407364620442,Adam
22,0.9726723497015324,0.0002580559095666408,RMSprop
6,0.9738561147963419,0.00036753832725810233,Adam
63,0.9738922051955738,0.0002134004268310716,RMSprop
29,0.9743541623057435,0.0005025961155459187,RMSprop
0,0.9610873315480616,0.0004659803741690755,SGD,0.9743541623057435,RMSprop,0.0005025961155459187
3,0.9670494655011874,0.00038822814410047245,RMSprop,0.9743541623057435,RMSprop,0.0005025961155459187
2,0.9692726340938783,0.0007280749731386689,RMSprop,0.9743541623057435,RMSprop,0.0005025961155459187
4,0.97237640842783,0.00010049417731177907,RMSprop,0.9743541623057435,RMSprop,0.0005025961155459187
1,0.9723980626673693,0.00020612581638274532,RMSprop,0.9743541623057435,RMSprop,0.0005025961155459187
25,0.9725352061844508,0.0002913468570186619,RMSprop,0.9743541623057435,RMSprop,0.0005025961155459187
11,0.9725496423441436,0.00019370407364620442,Adam,0.9743541623057435,RMSprop,0.0005025961155459187
22,0.9726723497015324,0.0002580559095666408,RMSprop,0.9743541623057435,RMSprop,0.0005025961155459187
6,0.9738561147963419,0.00036753832725810233,Adam,0.9743541623057435,RMSprop,0.0005025961155459187
63,0.9738922051955738,0.0002134004268310716,RMSprop,0.9743541623057435,RMSprop,0.0005025961155459187
29,0.9743541623057435,0.0005025961155459187,RMSprop,0.9743541623057435,RMSprop,0.0005025961155459187
