number,value,params_lr,params_optimizer
1,0.987028232670071,0.0009302499441544337,RMSprop
3,0.987028232670071,0.0005168885434925009,Adam
4,0.9974467335798556,0.00047804100296775117,SGD
0,0.9976815166989493,0.00023659567986195613,Adam
2,0.9976815166989493,0.00010726286349625592,RMSprop
5,0.9976815166989493,0.0002599362870106771,RMSprop
12,0.9976815166989493,0.00015399363087891888,RMSprop
17,0.9976815166989493,0.00013705566288444156,Adam
25,0.9976815166989493,0.0003529817930406805,Adam
33,0.9976815166989493,0.0001271979356773159,RMSprop
50,0.9976815166989493,0.00011353946696664337,RMSprop
52,0.9976815166989493,0.00036881730524205214,Adam
54,0.9976815166989493,0.00019669487563802915,Adam
78,0.9976815166989493,0.00013936442920558617,Adam
1,0.987028232670071,0.0009302499441544337,RMSprop,0.9976815166989493,Adam,0.00023659567986195613
3,0.987028232670071,0.0005168885434925009,Adam,0.9976815166989493,Adam,0.00023659567986195613
4,0.9974467335798556,0.00047804100296775117,SGD,0.9976815166989493,Adam,0.00023659567986195613
0,0.9976815166989493,0.00023659567986195613,Adam,0.9976815166989493,Adam,0.00023659567986195613
2,0.9976815166989493,0.00010726286349625592,RMSprop,0.9976815166989493,Adam,0.00023659567986195613
5,0.9976815166989493,0.0002599362870106771,RMSprop,0.9976815166989493,Adam,0.00023659567986195613
12,0.9976815166989493,0.00015399363087891888,RMSprop,0.9976815166989493,Adam,0.00023659567986195613
17,0.9976815166989493,0.00013705566288444156,Adam,0.9976815166989493,Adam,0.00023659567986195613
25,0.9976815166989493,0.0003529817930406805,Adam,0.9976815166989493,Adam,0.00023659567986195613
33,0.9976815166989493,0.0001271979356773159,RMSprop,0.9976815166989493,Adam,0.00023659567986195613
50,0.9976815166989493,0.00011353946696664337,RMSprop,0.9976815166989493,Adam,0.00023659567986195613
52,0.9976815166989493,0.00036881730524205214,Adam,0.9976815166989493,Adam,0.00023659567986195613
54,0.9976815166989493,0.00019669487563802915,Adam,0.9976815166989493,Adam,0.00023659567986195613
78,0.9976815166989493,0.00013936442920558617,Adam,0.9976815166989493,Adam,0.00023659567986195613
